time_ms,algo,id,x,y,w,h,area,learned
142,OBJECT_RECOGNITION,,,,,,,
144,OBJECT_RECOGNITION,,,,,,,
298,OBJECT_RECOGNITION,,,,,,,
510,OBJECT_RECOGNITION,,,,,,,
699,OBJECT_RECOGNITION,,,,,,,
906,OBJECT_RECOGNITION,,,,,,,
1137,OBJECT_RECOGNITION,,,,,,,
1301,OBJECT_RECOGNITION,,,,,,,
1507,OBJECT_RECOGNITION,,,,,,,
1712,OBJECT_RECOGNITION,,,,,,,
1915,OBJECT_RECOGNITION,,,,,,,
2118,OBJECT_RECOGNITION,,,,,,,
2323,OBJECT_RECOGNITION,,,,,,,
2533,OBJECT_RECOGNITION,,,,,,,
2735,OBJECT_RECOGNITION,,,,,,,
2951,OBJECT_RECOGNITION,,,,,,,
3141,OBJECT_RECOGNITION,,,,,,,
3358,OBJECT_RECOGNITION,,,,,,,
3557,OBJECT_RECOGNITION,,,,,,,
3757,OBJECT_RECOGNITION,,,,,,,
3966,OBJECT_RECOGNITION,,,,,,,
4176,OBJECT_RECOGNITION,,,,,,,
4370,OBJECT_RECOGNITION,,,,,,,
4534,OBJECT_RECOGNITION,,,,,,,
4721,OBJECT_RECOGNITION,,,,,,,
4928,OBJECT_RECOGNITION,,,,,,,
5136,OBJECT_RECOGNITION,,,,,,,
5335,OBJECT_RECOGNITION,,,,,,,
5534,OBJECT_RECOGNITION,,,,,,,
5728,OBJECT_RECOGNITION,,,,,,,
5961,OBJECT_RECOGNITION,,,,,,,
6137,OBJECT_RECOGNITION,,,,,,,
6347,OBJECT_RECOGNITION,,,,,,,
6541,OBJECT_RECOGNITION,,,,,,,
6742,OBJECT_RECOGNITION,,,,,,,
6952,OBJECT_RECOGNITION,,,,,,,
7169,OBJECT_RECOGNITION,,,,,,,
7345,OBJECT_RECOGNITION,,,,,,,
7546,OBJECT_RECOGNITION,,,,,,,
7757,OBJECT_RECOGNITION,,,,,,,
7986,OBJECT_RECOGNITION,,,,,,,
8162,OBJECT_RECOGNITION,,,,,,,
8374,OBJECT_RECOGNITION,,,,,,,
8580,OBJECT_RECOGNITION,,,,,,,
8788,OBJECT_RECOGNITION,,,,,,,
8996,OBJECT_RECOGNITION,,,,,,,
9183,OBJECT_RECOGNITION,,,,,,,
9393,OBJECT_RECOGNITION,,,,,,,
9610,OBJECT_RECOGNITION,,,,,,,
9816,OBJECT_RECOGNITION,,,,,,,
10033,OBJECT_RECOGNITION,,,,,,,
10223,OBJECT_RECOGNITION,,,,,,,
10414,OBJECT_RECOGNITION,,,,,,,
10651,OBJECT_RECOGNITION,,,,,,,
10826,OBJECT_RECOGNITION,,,,,,,
11032,OBJECT_RECOGNITION,,,,,,,
11183,OBJECT_RECOGNITION,,,,,,,
11383,OBJECT_RECOGNITION,,,,,,,
11578,OBJECT_RECOGNITION,,,,,,,
11796,OBJECT_RECOGNITION,,,,,,,
12012,OBJECT_RECOGNITION,,,,,,,
12184,OBJECT_RECOGNITION,,,,,,,
12384,OBJECT_RECOGNITION,,,,,,,
12587,OBJECT_RECOGNITION,,,,,,,
12791,OBJECT_RECOGNITION,,,,,,,
12991,OBJECT_RECOGNITION,,,,,,,
13193,OBJECT_RECOGNITION,,,,,,,
13397,OBJECT_RECOGNITION,,,,,,,
13595,OBJECT_RECOGNITION,,,,,,,
13794,OBJECT_RECOGNITION,,,,,,,
14000,OBJECT_RECOGNITION,,,,,,,
14203,OBJECT_RECOGNITION,,,,,,,
14414,OBJECT_RECOGNITION,,,,,,,
14630,OBJECT_RECOGNITION,,,,,,,
14822,OBJECT_RECOGNITION,,,,,,,
15025,OBJECT_RECOGNITION,,,,,,,
15224,OBJECT_RECOGNITION,,,,,,,
15435,OBJECT_RECOGNITION,,,,,,,
15652,OBJECT_RECOGNITION,,,,,,,
15854,OBJECT_RECOGNITION,,,,,,,
16047,OBJECT_RECOGNITION,,,,,,,
16250,OBJECT_RECOGNITION,,,,,,,
16457,OBJECT_RECOGNITION,,,,,,,
16670,OBJECT_RECOGNITION,,,,,,,
16867,OBJECT_RECOGNITION,,,,,,,
17070,OBJECT_RECOGNITION,,,,,,,
17231,OBJECT_RECOGNITION,,,,,,,
17434,OBJECT_RECOGNITION,,,,,,,
17622,OBJECT_RECOGNITION,,,,,,,
17826,OBJECT_RECOGNITION,,,,,,,
18036,OBJECT_RECOGNITION,,,,,,,
18244,OBJECT_RECOGNITION,,,,,,,
18441,OBJECT_RECOGNITION,,,,,,,
18631,OBJECT_RECOGNITION,,,,,,,
18854,OBJECT_RECOGNITION,,,,,,,
19037,OBJECT_RECOGNITION,,,,,,,
19234,OBJECT_RECOGNITION,,,,,,,
19445,OBJECT_RECOGNITION,,,,,,,
19647,OBJECT_RECOGNITION,,,,,,,
19846,OBJECT_RECOGNITION,,,,,,,
20043,OBJECT_RECOGNITION,,,,,,,
20245,OBJECT_RECOGNITION,,,,,,,
20449,OBJECT_RECOGNITION,,,,,,,
20676,OBJECT_RECOGNITION,,,,,,,
20870,OBJECT_RECOGNITION,,,,,,,
21074,OBJECT_RECOGNITION,,,,,,,
21268,OBJECT_RECOGNITION,,,,,,,
21474,OBJECT_RECOGNITION,,,,,,,
21702,OBJECT_RECOGNITION,,,,,,,
21905,OBJECT_RECOGNITION,,,,,,,
22088,OBJECT_RECOGNITION,,,,,,,
22293,OBJECT_RECOGNITION,,,,,,,
22519,OBJECT_RECOGNITION,,,,,,,
22706,OBJECT_RECOGNITION,,,,,,,
22919,OBJECT_RECOGNITION,,,,,,,
23111,OBJECT_RECOGNITION,,,,,,,
23345,OBJECT_RECOGNITION,,,,,,,
23530,OBJECT_RECOGNITION,,,,,,,
23739,OBJECT_RECOGNITION,,,,,,,
23894,OBJECT_RECOGNITION,,,,,,,
24073,OBJECT_RECOGNITION,,,,,,,
24300,OBJECT_RECOGNITION,,,,,,,
24504,OBJECT_RECOGNITION,,,,,,,
24682,OBJECT_RECOGNITION,,,,,,,
24883,OBJECT_RECOGNITION,,,,,,,
25083,OBJECT_RECOGNITION,,,,,,,
25288,OBJECT_RECOGNITION,,,,,,,
25500,OBJECT_RECOGNITION,,,,,,,
25688,OBJECT_RECOGNITION,,,,,,,
25893,OBJECT_RECOGNITION,,,,,,,
26117,OBJECT_RECOGNITION,,,,,,,
26297,OBJECT_RECOGNITION,,,,,,,
26518,OBJECT_RECOGNITION,,,,,,,
26710,OBJECT_RECOGNITION,,,,,,,
26909,OBJECT_RECOGNITION,,,,,,,
27106,OBJECT_RECOGNITION,,,,,,,
27310,OBJECT_RECOGNITION,,,,,,,
27545,OBJECT_RECOGNITION,,,,,,,
27718,OBJECT_RECOGNITION,,,,,,,
27941,OBJECT_RECOGNITION,,,,,,,
28128,OBJECT_RECOGNITION,,,,,,,
28354,OBJECT_RECOGNITION,,,,,,,
28541,OBJECT_RECOGNITION,,,,,,,
28749,OBJECT_RECOGNITION,,,,,,,
28950,OBJECT_RECOGNITION,,,,,,,
29154,OBJECT_RECOGNITION,,,,,,,
29356,OBJECT_RECOGNITION,,,,,,,
29566,OBJECT_RECOGNITION,,,,,,,
29788,OBJECT_RECOGNITION,,,,,,,
29975,OBJECT_RECOGNITION,,,,,,,
30178,OBJECT_RECOGNITION,,,,,,,
30384,OBJECT_RECOGNITION,,,,,,,
30529,OBJECT_RECOGNITION,,,,,,,
30730,OBJECT_RECOGNITION,,,,,,,
30948,OBJECT_RECOGNITION,,,,,,,
31139,OBJECT_RECOGNITION,,,,,,,
31334,OBJECT_RECOGNITION,,,,,,,
31542,OBJECT_RECOGNITION,,,,,,,
31755,OBJECT_RECOGNITION,,,,,,,
31942,OBJECT_RECOGNITION,,,,,,,
32140,OBJECT_RECOGNITION,,,,,,,
32344,OBJECT_RECOGNITION,,,,,,,
32540,OBJECT_RECOGNITION,,,,,,,
32743,OBJECT_RECOGNITION,,,,,,,
32942,OBJECT_RECOGNITION,,,,,,,
33159,OBJECT_RECOGNITION,,,,,,,
33360,OBJECT_RECOGNITION,,,,,,,
33555,OBJECT_RECOGNITION,,,,,,,
33761,OBJECT_RECOGNITION,,,,,,,
33974,OBJECT_RECOGNITION,,,,,,,
34186,OBJECT_RECOGNITION,,,,,,,
34379,OBJECT_RECOGNITION,,,,,,,
34579,OBJECT_RECOGNITION,,,,,,,
34786,OBJECT_RECOGNITION,,,,,,,
34998,OBJECT_RECOGNITION,,,,,,,
35199,OBJECT_RECOGNITION,,,,,,,
35401,OBJECT_RECOGNITION,,,,,,,
35628,OBJECT_RECOGNITION,,,,,,,
35813,OBJECT_RECOGNITION,,,,,,,
36015,OBJECT_RECOGNITION,,,,,,,
36236,OBJECT_RECOGNITION,,,,,,,
36394,OBJECT_RECOGNITION,,,,,,,
36568,OBJECT_RECOGNITION,,,,,,,
36767,OBJECT_RECOGNITION,,,,,,,
36996,OBJECT_RECOGNITION,,,,,,,
37172,OBJECT_RECOGNITION,,,,,,,
37382,OBJECT_RECOGNITION,,,,,,,
37598,OBJECT_RECOGNITION,,,,,,,
37779,OBJECT_RECOGNITION,,,,,,,
37976,OBJECT_RECOGNITION,,,,,,,
38176,OBJECT_RECOGNITION,,,,,,,
38376,OBJECT_RECOGNITION,,,,,,,
38577,OBJECT_RECOGNITION,,,,,,,
38784,OBJECT_RECOGNITION,,,,,,,
38991,OBJECT_RECOGNITION,,,,,,,
39199,OBJECT_RECOGNITION,,,,,,,
39415,OBJECT_RECOGNITION,,,,,,,
39607,OBJECT_RECOGNITION,,,,,,,
39813,OBJECT_RECOGNITION,,,,,,,
40009,OBJECT_RECOGNITION,,,,,,,
40215,OBJECT_RECOGNITION,,,,,,,
40427,OBJECT_RECOGNITION,,,,,,,
40633,OBJECT_RECOGNITION,,,,,,,
40839,OBJECT_RECOGNITION,,,,,,,
41067,OBJECT_RECOGNITION,,,,,,,
41245,OBJECT_RECOGNITION,,,,,,,
41454,OBJECT_RECOGNITION,,,,,,,
41647,OBJECT_RECOGNITION,,,,,,,
41852,OBJECT_RECOGNITION,,,,,,,
42056,OBJECT_RECOGNITION,,,,,,,
